<?xml version="1.0" encoding="ISO-8859-1"?>
<metadata>
	<idinfo>
		<citation>
			<citeinfo>
				<origin>U.S. Department of Commerce, U.S. Census Bureau, Geography Division</origin>
				<pubdate>2008</pubdate>
				<title>TIGER/Line Shapefile, 2008 - County Subdivision (Towns) - Connecticut</title>
				<edition>2008</edition>
				<geoform>vector digital data</geoform>
				<ftname Sync="TRUE">townct_37800_0000_2008_s100_census_1_shp_nad83_feet</ftname><onlink>http://magic.lib.uconn.edu/magic_2/vector/37800/townct_37800_0000_2008_s100_census_1_shp.zip</onlink><onlink>http://www.census.gov/geo/www/tiger</onlink></citeinfo>
		</citation>
		<descript>
			<abstract>The TIGER/Line Shapefiles are an extract of selected geographic and cartographic information from the Census MAF/TIGER database.  The Census MAF/TIGER database represents a seamless national file with no overlaps or gaps between parts.  However, each TIGER/Line Shapefile is designed to stand alone as an independent data set or the shapefiles can be combined to cover the whole nation.</abstract>
			<purpose>In order for others to use the information in the Census MAF/TIGER database in a geographic information system (GIS) or for other geographic applications, the Census Bureau releases to the public extracts of the database in the form of TIGER/Line Shapefiles.</purpose>
			<Subject_Entity>United States,US</Subject_Entity>
			<langdata Sync="TRUE">en</langdata></descript>
		<timeperd>
			<timeinfo>
				<rngdates>
					<begdate>200801</begdate>
					<enddate>200807</enddate>
				</rngdates>
			</timeinfo>
			<current>publication date</current>
		</timeperd>
		<status>
			<progress>Complete</progress>
			<update>TIGER/Line Shapefiles are extracted from the Census MAF/TIGER database.  No changes or updates will be made to this version of the TIGER/Line Shapefiles.  Future releases of TIGER/Line Shapefiles will reflect updates made to the Census MAF/TIGER database.</update>
		</status>
		<spdom>
			<bounding>
				<westbc>-179.231086</westbc>
				<eastbc>179.859681</eastbc>
				<northbc>71.441059</northbc>
				<southbc>-14.601813</southbc>
			</bounding>
			<lboundng><leftbc Sync="TRUE">730515.152392</leftbc><rightbc Sync="TRUE">1263092.251313</rightbc><bottombc Sync="TRUE">544042.301608</bottombc><topbc Sync="TRUE">944273.894320</topbc></lboundng></spdom>
		<keywords>
			<theme>
				<themekt>ISO 19115 Topic Categories</themekt>
				<themekey>boundaries</themekey>
			</theme>
			<theme>
				<themekt>None</themekt>
				<themekey>Nation</themekey>
				<themekey>State or equivalent entity</themekey>
				<themekey>Polygon</themekey>
			</theme>
			<place>
				<placekt>FIPS Publication 5-2, FIPS Publication 6-4, FIPS Publication 8-6, FIPS Publication 9-1,FIPS Publication55-4</placekt>
				<placekey>United States</placekey>
				<placekey>U.S.</placekey>
				<placekey>Connecticut</placekey><placekey>CT</placekey><placekey>09</placekey></place>
		</keywords>
		<accconst>None</accconst>
		<useconst>The TIGER/Line Shapefile products are not copyrighted however TIGER/Line and Census TIGER are registered trademarks of the U.S. Census Bureau.  These products are free to use in a product or publication, however acknowledgement must be given to the U.S. Census Bureau as the source.
The boundary information in the TIGER/Line Shapefiles are for statistical data collection and tabulation purposes only; their depiction and designation for statistical purposes does not constitute a determination of jurisdictional authority or rights of ownership or entitlement and they are not legal land descriptions.Coordinates in the TIGER/Line shapefiles have six implied decimal places, but the positional accuracy of these coordinates is not as great as the six decimal places suggest.</useconst>
		<Title_13_Restrictions>Yes, the data are free from Title 13 restrictions</Title_13_Restrictions>
		<ptcontac>
			<cntinfo>
				<cntorgp>
					<cntorg>U.S. Department of Commerce, U.S. Census Bureau, Geography Division, Geographic Products Branch</cntorg>
				</cntorgp>
				<cntaddr>
					<addrtype>Mailing address</addrtype>
					<address>4600 Silver Hill Road, Stop 7400</address>
					<city>Washington</city>
					<state>DC</state>
					<postal>20233-7400</postal>
					<country>United States</country>
				</cntaddr>
				<cntvoice>301-763-1128</cntvoice>
				<cntfax>301-763-4710</cntfax>
				<cntemail>tiger@census.gov</cntemail>
			</cntinfo>
		</ptcontac>
		<native Sync="TRUE">Microsoft Windows XP Version 5.1 (Build 2600) Service Pack 3; ESRI ArcCatalog 9.3.0.1770</native><natvform Sync="TRUE">Shapefile</natvform></idinfo>
	<Data_Set_Character_Set>8859part1</Data_Set_Character_Set>
	<Data_Set_Language>eng</Data_Set_Language>
	<dataqual>
		<attracc>
			<attraccr>Accurate against Federal Information Processing Standards (FIPS), FIPS Publication 6-4, and FIPS-55 at the 100% level for the codes and base names.  The remaining attribute information has been examined but has not been fully tested for accuracy.</attraccr>
		</attracc>
		<logic>The Census Bureau performed automated tests to ensure logical consistency and limits of shapefiles.  Segments making up the outer and inner boundaries of a polygon tie end-to-end to completely enclose the area.  All polygons are tested for closure.
The Census Bureau uses its internally developed geographic update system to enhance and modify spatial and attribute data in the Census MAF/TIGER database.  Standard geographic codes, such as FIPS codes for states, counties, municipalities, county subdivisions, places, American Indian/Alaska Native/Native Hawaiian areas, and congressional districts are used when encoding spatial entities.  The Census Bureau performed spatial data tests for logical consistency of the codes during the compilation of the original Census MAF/TIGER database files.  Most of the codes for geographic entities except states, counties, urban areas, Core Based Statistical Areas (CBSAs), American Indian Areas (AIAs), and congressional districts were provided to the Census Bureau by the USGS, the agency responsible for maintaining FIPS 55.  Feature attribute information has been examined but has not been fully tested for consistency.
For the TIGER/Line Shapefiles, the Point and Vector Object Count for the G-polygon SDTS Point and Vector Object Type reflects the number of records in the shapefile attribute table.  For multi-polygon features, only one attribute record exists for each multi-polygon rather than one attribute record per individual G-polygon component of the multi-polygon feature.  TIGER/Line Shapefile multi-polygons are an exception to the G-polygon object type classification.  Therefore, when multi-polygons exist in a shapefile, the object count will be less than the actual number of G-polygons.</logic>
		<complete>Data completeness of the TIGER/Line Shapefiles reflects the contents of the Census MAF/TIGER database at the time the TIGER/Line Shapefiles were created.</complete>
		<lineage>
			<srcinfo>
				<srccite>
					<citeinfo>
						<origin>U.S. Department of Commerce, U.S. Census Bureau, Geography Division</origin>
						<pubdate>Unpublished material</pubdate>
						<title>Census MAF/TIGER database</title>
					</citeinfo>
				</srccite>
				<typesrc>online</typesrc>
				<srctime>
					<timeinfo>
						<rngdates>
							<begdate>200801</begdate>
							<enddate>200807</enddate>
						</rngdates>
					</timeinfo>
					<srccurr>publication date</srccurr>
				</srctime>
				<srccitea>MAF/TIGER</srccitea>
				<srccontr>The selected geographic and cartographic information (line segments) are derived from the U.S. Census Bureau's Master Address File Topologically Integrated Geographic Encoding and Referencing (MAF/TIGER) database.</srccontr>
			</srcinfo>
			<procstep>
				<procdesc>TIGER/Line Shapefiles are extracted from the Census MAF/TIGER database by nation, state, county, and entity.  Census MAF/TIGER data for the nation, state, county, and entity are then distributed among 58 shapefiles each containing attributes for line, polygon, or landmark geographic data. </procdesc>
				<srcused>Census MAF/TIGER</srcused>
				<procdate>2008</procdate>
			</procstep>
			<procstep><procdesc Sync="TRUE">Dataset copied.</procdesc><srcused Sync="TRUE"></srcused><date Sync="TRUE">20090408</date><time Sync="TRUE">14344400</time></procstep><procstep><procdesc Sync="TRUE">Dataset copied.</procdesc><srcused Sync="TRUE"></srcused><date Sync="TRUE">20090408</date><time Sync="TRUE">14373900</time></procstep><procstep><procdesc Sync="TRUE">Dataset copied.</procdesc><srcused Sync="TRUE">F:\Connecticut_Statewide_Shapfiles\Connecticut_State_Plane\Connecticut 2008 TIGER files\Connecticut TIGER 2008\tl_2008_09_state</srcused><date Sync="TRUE">20090408</date><time Sync="TRUE">14390100</time></procstep></lineage>
	</dataqual>
	<spdoinfo>
		<indspref>Federal Information Processing Standards (FIPS), ANSI, and feature names.</indspref>
		<direct>Vector</direct>
		<ptvctinf>
			<sdtsterm Name="townct_37800_0000_2008_s100_census_1_shp_nad83_feet">
				<sdtstype>G-polygon</sdtstype>
				<ptvctcnt>56</ptvctcnt>
			</sdtsterm>
			<esriterm Name="townct_37800_0000_2008_s100_census_1_shp_nad83_feet"><efeatyp Sync="TRUE">Simple</efeatyp><efeageom Sync="TRUE">Polygon</efeageom><esritopo Sync="TRUE">FALSE</esritopo><efeacnt Sync="TRUE">1</efeacnt><spindex Sync="TRUE">TRUE</spindex><linrefer Sync="TRUE">FALSE</linrefer></esriterm></ptvctinf>
	</spdoinfo>
	<spref>
		<horizsys>
			<geodetic>
				<horizdn>North American Datum of 1983 in the 48 contiguous states, the District of Columbia, Alaska, Hawaii, Puerto Rico, the Virgin Islands of the United States, and the Pacific Island Areas.</horizdn>
				<ellips>Geodetic Reference System 80</ellips>
				<semiaxis>6378137</semiaxis>
				<denflat>298257</denflat>
			</geodetic>
			<cordsysn><geogcsn Sync="TRUE">GCS_North_American_1983</geogcsn><projcsn Sync="TRUE">NAD_1983_StatePlane_Connecticut_FIPS_0600_Feet</projcsn></cordsysn><planar><planci><plance Sync="TRUE">coordinate pair</plance><plandu Sync="TRUE">survey feet</plandu><coordrep><absres Sync="TRUE">0.000000</absres><ordres Sync="TRUE">0.000000</ordres></coordrep></planci><mapproj><mapprojn Sync="TRUE">Lambert Conformal Conic</mapprojn><lambertc><stdparll Sync="TRUE">41.200000</stdparll><stdparll Sync="TRUE">41.866667</stdparll><longcm Sync="TRUE">-72.750000</longcm><latprjo Sync="TRUE">40.833333</latprjo><feast Sync="TRUE">999999.999996</feast><fnorth Sync="TRUE">499999.999998</fnorth></lambertc></mapproj></planar></horizsys>
	</spref>
	<eainfo>
		<detailed Name="townct_37800_0000_2008_s100_census_1_shp_nad83_feet">
			<enttyp>
				<enttypl>STATE.shp</enttypl>
				<enttypd>Current state and equivalent entities</enttypd>
				<enttypds>U.S. Census Bureau</enttypds>
				<enttypt Sync="TRUE">Feature Class</enttypt><enttypc Sync="TRUE">1</enttypc></enttyp>
			<attr><attrlabl Sync="TRUE">FID</attrlabl><attalias Sync="TRUE">FID</attalias><attrtype Sync="TRUE">OID</attrtype><attwidth Sync="TRUE">4</attwidth><atprecis Sync="TRUE">0</atprecis><attscale Sync="TRUE">0</attscale><attrdef Sync="TRUE">Internal feature number.</attrdef><attrdefs Sync="TRUE">ESRI</attrdefs><attrdomv><udom Sync="TRUE">Sequential unique whole numbers that are automatically generated.</udom></attrdomv></attr><attr><attrlabl Sync="TRUE">Shape</attrlabl><attalias Sync="TRUE">Shape</attalias><attrtype Sync="TRUE">Geometry</attrtype><attwidth Sync="TRUE">0</attwidth><atprecis Sync="TRUE">0</atprecis><attscale Sync="TRUE">0</attscale><attrdef Sync="TRUE">Feature geometry.</attrdef><attrdefs Sync="TRUE">ESRI</attrdefs><attrdomv><udom Sync="TRUE">Coordinates defining the features.</udom></attrdomv></attr><attr>
				<attrlabl>STATEFP</attrlabl>
				<attrdef>Current state Federal Information Processing Standards (FIPS) code</attrdef>
				<attrdefs>U.S. Census Bureau</attrdefs>
				<attrdomv>
					<codesetd>
						<codesetn>FIPS PUB 5-2, Codes for the Identification of the States, the District of Columbia and the Outlying Areas of the United States, and Associated Areas</codesetn>
						<codesets>U.S. Census Bureau</codesets>
					</codesetd>
				</attrdomv>
				<attrtype Sync="TRUE">String</attrtype><attwidth Sync="TRUE">2</attwidth><attalias Sync="TRUE">STATEFP</attalias></attr>
			<attr>
				<attrlabl>STATENS</attrlabl>
				<attrdef>Current state ANSI code</attrdef>
				<attrdefs>U.S. Census Bureau</attrdefs>
				<attrdomv>
					<codesetd>
						<codesetn>data are unavailable</codesetn>
						<codesets>data are unavailable</codesets>
					</codesetd>
				</attrdomv>
				<attrtype Sync="TRUE">String</attrtype><attwidth Sync="TRUE">8</attwidth><attalias Sync="TRUE">STATENS</attalias></attr>
			<attr>
				<attrlabl>STUSPS</attrlabl>
				<attrdef>Current United States Postal Service state abbreviation</attrdef>
				<attrdefs>U.S. Postal Service</attrdefs>
				<attrdomv>
					<codesetd>
						<codesetn>Official USPS state abbreviations, as shown in Publication 65, National 5-Digit ZIP Code and Post Office Directory</codesetn>
						<codesets>U.S. Postal Service</codesets>
					</codesetd>
				</attrdomv>
				<attrtype Sync="TRUE">String</attrtype><attwidth Sync="TRUE">2</attwidth><attalias Sync="TRUE">STUSPS</attalias></attr>
			<attr>
				<attrlabl>NAME</attrlabl>
				<attrdef>Current state name</attrdef>
				<attrdefs>U.S. Census Bureau</attrdefs>
				<attrdomv>
					<codesetd>
						<codesetn>FIPS PUB 5-2, Codes for the Identification of the States, the District of Columbia and the Outlying Areas of the United States, and Associated Areas</codesetn>
						<codesets>U.S. Census Bureau</codesets>
					</codesetd>
				</attrdomv>
				<attrtype Sync="TRUE">String</attrtype><attwidth Sync="TRUE">100</attwidth><attalias Sync="TRUE">NAME</attalias></attr>
			<attr>
				<attrlabl>LSAD</attrlabl>
				<attrdef>Current legal/statistical area description code for state</attrdef>
				<attrdefs>U.S. Census Bureau</attrdefs>
				<attrdomv>
					<edom>
						<edomv>00</edomv>
						<edomvd>Blank</edomvd>
						<edomvds>U.S. Census Bureau</edomvds>
					</edom>
				</attrdomv>
				<attrtype Sync="TRUE">String</attrtype><attwidth Sync="TRUE">2</attwidth><attalias Sync="TRUE">LSAD</attalias></attr>
			<attr>
				<attrlabl>MTFCC</attrlabl>
				<attrdef>MAF/TIGER feature class code</attrdef>
				<attrdefs>U.S. Census Bureau</attrdefs>
				<attrdomv>
					<edom>
						<edomv>G4000</edomv>
						<edomvd>State or Equivalent feature</edomvd>
						<edomvds>U.S. Census Bureau</edomvds>
					</edom>
				</attrdomv>
				<attrtype Sync="TRUE">String</attrtype><attwidth Sync="TRUE">5</attwidth><attalias Sync="TRUE">MTFCC</attalias></attr>
			<attr>
				<attrlabl>FUNCSTAT</attrlabl>
				<attrdef>Current functional status</attrdef>
				<attrdefs>U.S. Census Bureau</attrdefs>
				<attrdomv>
					<edom>
						<edomv>A</edomv>
						<edomvd>Active government providing primary general-purpose functions</edomvd>
						<edomvds>U.S. Census Bureau</edomvds>
					</edom>
					<edom>
						<edomv>N</edomv>
						<edomvd>Nonfunctioning legal entity</edomvd>
						<edomvds>U.S. Census Bureau</edomvds>
					</edom>
				</attrdomv>
				<attrtype Sync="TRUE">String</attrtype><attwidth Sync="TRUE">1</attwidth><attalias Sync="TRUE">FUNCSTAT</attalias></attr>
		</detailed>
	</eainfo>
	<distinfo>
		<distrib>
			<cntinfo>
				<cntorgp>
					<cntorg>U.S. Department of Commerce, U.S. Census Bureau, Geography Division, Geographic Products Branch</cntorg>
				</cntorgp>
				<cntaddr>
					<addrtype>Mailing address</addrtype>
					<address>4600 Silver Hill Road, Stop 7400</address>
					<city>Washington</city>
					<state>DC</state>
					<postal>20233-7400</postal>
					<country>United States</country>
				</cntaddr>
				<cntvoice>301-763-1128</cntvoice>
				<cntfax>301-763-4710</cntfax>
				<cntemail>tiger@census.gov</cntemail>
			</cntinfo>
		</distrib>
		<distliab>No warranty, expressed or implied is made with regard to the accuracy of these data, and no liability is assumed by the U.S. Government in general or the U.S. Census Bureau in specific as to the spatial or attribute accuracy of the data.  The act of distribution shall not constitute any such warranty and no responsibility is assumed by the U.S. government in the use of these files.  The boundary information in the TIGER/Line Shapefiles is for statistical data collection and tabulation purposes only; their depiction and designation for statistical purposes do not constitute a determination of jurisdictional authority or rights of ownership or entitlement and they are not legal land descriptions.</distliab>
		<stdorder>
			<digform>
				<digtinfo>
					<formname>TGRSHP (compressed)</formname>
					<filedec>PK-ZIP, version 1.93 A or higher</filedec>
					<transize Sync="TRUE">0.063</transize><dssize Sync="TRUE">0.063</dssize></digtinfo>
				<digtopt>
					<onlinopt>
						<computer>
							<networka>
								<networkr>http://www.census.gov/geo/www/tiger</networkr>
							</networka>
						</computer>
					</onlinopt>
					<offoptn>
						<offmedia>DVD-ROM (Only if offered offline)</offmedia>
						<recfmt>ISO 9660</recfmt>
					</offoptn>
				</digtopt>
			</digform>
			<fees>The online copy of the TIGER/Line files may be accessed without charge.</fees>
			<ordering>To obtain more information about ordering TIGER/Line shapefiles visit http://www.census.gov/geo/www/tiger </ordering>
		</stdorder>
		<techpreq>The TIGER/Line shapefiles contain geographic data only and do not include display mapping software or statistical data.  For information on how to use the TIGER/Line shapefile data with specific software package users shall contact the company that produced the software.</techpreq>
		<resdesc Sync="TRUE">Downloadable Data</resdesc></distinfo>
	<metainfo>
		<metd>2008</metd>
		<metc>
			<cntinfo>
				<cntorgp>
					<cntorg>U.S. Department of Commerce, U.S. Census Bureau, Geography Division, Geographic Products Branch</cntorg>
					<cntper>REQUIRED: The person responsible for the metadata information.</cntper></cntorgp>
				<cntaddr>
					<addrtype>Mailing address</addrtype>
					<address>4600 Silver Hill Road, Stop 7400</address>
					<city>Washington</city>
					<state>DC</state>
					<postal>20233-7400</postal>
					<country>United States</country>
				</cntaddr>
				<cntvoice>301-763-1128</cntvoice>
				<cntfax>301-763-4710</cntfax>
				<cntemail>tiger@census.gov</cntemail>
			</cntinfo>
		</metc>
		<metstdn>FGDC Content Standards for Digital Geospatial Metadata</metstdn>
		<metstdv>FGDC-STD-001-1998</metstdv>
		<Metadata_Character_Set>8859part1</Metadata_Character_Set>
		<Metadata_File_Identifier>tl_2008_us_state.shp.xml</Metadata_File_Identifier>
		<Metadata_Language>eng</Metadata_Language>
		<langmeta Sync="TRUE">en</langmeta><mettc Sync="TRUE">local time</mettc><metextns><onlink Sync="TRUE">http://www.esri.com/metadata/esriprof80.html</onlink><metprof Sync="TRUE">ESRI Metadata Profile</metprof></metextns></metainfo>
	<dataIdInfo><envirDesc Sync="TRUE">Microsoft Windows XP Version 5.1 (Build 2600) Service Pack 3; ESRI ArcCatalog 9.3.0.1770</envirDesc><dataLang><languageCode Sync="TRUE" value="en"></languageCode></dataLang><idCitation><resTitle Sync="TRUE">townct_37800_0000_2008_s100_census_1_shp_nad83_feet</resTitle><presForm><PresFormCd Sync="TRUE" value="005"></PresFormCd></presForm></idCitation><spatRpType><SpatRepTypCd Sync="TRUE" value="001"></SpatRepTypCd></spatRpType><dataExt><geoEle><GeoBndBox esriExtentType="native"><westBL Sync="TRUE">730515.152392</westBL><eastBL Sync="TRUE">1263092.251313</eastBL><northBL Sync="TRUE">944273.89432</northBL><southBL Sync="TRUE">544042.301608</southBL><exTypeCode Sync="TRUE">1</exTypeCode></GeoBndBox></geoEle></dataExt><geoBox esriExtentType="decdegrees"><westBL Sync="TRUE">-73.742161</westBL><eastBL Sync="TRUE">-71.781373</eastBL><northBL Sync="TRUE">42.052598</northBL><southBL Sync="TRUE">40.950034</southBL><exTypeCode Sync="TRUE">1</exTypeCode></geoBox></dataIdInfo><mdLang><languageCode Sync="TRUE" value="en"></languageCode></mdLang><mdStanName Sync="TRUE">ISO 19115 Geographic Information - Metadata</mdStanName><mdStanVer Sync="TRUE">DIS_ESRI1.0</mdStanVer><mdChar><CharSetCd Sync="TRUE" value="004"></CharSetCd></mdChar><mdHrLv><ScopeCd Sync="TRUE" value="005"></ScopeCd></mdHrLv><mdHrLvName Sync="TRUE">dataset</mdHrLvName><distInfo><distributor><distorTran><onLineSrc><orDesc Sync="TRUE">002</orDesc><linkage Sync="TRUE">file://\\library\archive\Magic2\vector\37800\townct_37800_0000_2008_s100_census_1_shp\NAD83\townct_37800_0000_2008_s100_census_1_shp_nad83_feet.shp</linkage><protocol Sync="TRUE">Local Area Network</protocol></onLineSrc><transSize Sync="TRUE">0.063</transSize></distorTran><distorFormat><formatName Sync="TRUE">Shapefile</formatName></distorFormat></distributor></distInfo><refSysInfo><RefSystem><refSysID><identCode Sync="TRUE">NAD_1983_StatePlane_Connecticut_FIPS_0600_Feet</identCode></refSysID></RefSystem></refSysInfo><spatRepInfo><VectSpatRep><topLvl><TopoLevCd Sync="TRUE" value="001"></TopoLevCd></topLvl><geometObjs Name="townct_37800_0000_2008_s100_census_1_shp_nad83_feet"><geoObjTyp><GeoObjTypCd Sync="TRUE" value="001"></GeoObjTypCd></geoObjTyp><geoObjCnt Sync="TRUE">1</geoObjCnt></geometObjs></VectSpatRep></spatRepInfo><Esri><SyncDate>20110623</SyncDate><SyncTime>16131500</SyncTime><ModDate>20110623</ModDate><ModTime>16131500</ModTime><CreaDate>20090408</CreaDate><CreaTime>14390100</CreaTime><SyncOnce>FALSE</SyncOnce><DataProperties><lineage><Process Name="Project_1" ToolSource="C:\Program Files\ArcGIS\ArcToolbox\Toolboxes\Data Management Tools.tbx\Project" Date="20090408" Time="143741">Project tl_2008_09_State_WGS84 "F:\Connecticut_Statewide_Shapfiles\Connecticut_State_Plane\Connecticut 2008 TIGER files\Connecticut TIGER 2008\tl_2008_09_state.shp" PROJCS['NAD_1983_StatePlane_Connecticut_FIPS_0600_Feet',GEOGCS['GCS_North_American_1983',DATUM['D_North_American_1983',SPHEROID['GRS_1980',6378137.0,298.257222101]],PRIMEM['Greenwich',0.0],UNIT['Degree',0.0174532925199433]],PROJECTION['Lambert_Conformal_Conic'],PARAMETER['False_Easting',999999.999996],PARAMETER['False_Northing',499999.999998],PARAMETER['Central_Meridian',-72.75],PARAMETER['Standard_Parallel_1',41.2],PARAMETER['Standard_Parallel_2',41.86666666666667],PARAMETER['Latitude_Of_Origin',40.83333333333334],UNIT['Foot_US',0.3048006096012192]] # GEOGCS['GCS_North_American_1983',DATUM['D_North_American_1983',SPHEROID['GRS_1980',6378137.0,298.257222101]],PRIMEM['Greenwich',0.0],UNIT['Degree',0.0174532925199433]]</Process></lineage></DataProperties><MetaID>{54D3E2B0-CA27-4157-A674-6938F9D905DA}</MetaID></Esri><mdDateSt Sync="TRUE">20110623</mdDateSt></metadata>
